{"N":100,"K":3,"x":[[-1.0388966076076651,-0.1269360067006425,0.13187338674456134],[-1.041984055934163,1.8366055416148777,-1.9137136914030306],[-0.7676081716462441,-0.3097388111036994,0.23775804247919205],[-1.276294959116095,0.8503715493706936,-1.0853249218375598],[-1.113873127250729,1.8620640115743503,-2.074103063713359],[-1.1058055259281103,0.382279010135745,-0.4227262418544349],[-0.9285600945888236,2.386711187148995,-2.216204765695274],[-0.8015780578128963,1.343193196955199,-1.0766741940828435],[-0.9775403950460286,1.3585449832431675,-1.3280325996073263],[-0.9927145706609726,1.6416109013310916,-1.6296510611072668],[-0.5625016399342777,-0.4862825125435825,0.27353471077712616],[-0.8968362128512751,-0.3725485444527946,0.3341150257102993],[-0.9459946396756208,0.6923784442676924,-0.6549862969041825],[-0.4646498314872636,-0.7648943053410446,0.3554080100822839],[-0.8073604352792442,0.148674676223978,-0.12003405131119158],[-0.7332724745750412,1.3461360813233605,-0.9870845354667295],[-1.201495179268374,0.1441799932236621,-0.17323156680517682],[-1.1078600266881304,1.247626734608632,-1.382195787500344],[-1.118567073498197,-1.0270017188170169,1.1487703070947688],[-0.7511016505391774,0.7602710595630351,-0.5710408476949649],[-0.8534356718436293,2.2612512095571646,-1.9298324452356383],[-1.0761950350569722,-1.3658277365898357,1.4698970288610833],[-0.9960683214618832,-0.0066425512555698,0.006616434879359935],[-0.9690891125997612,-0.4595450757694091,0.4453401296769667],[-0.8297085823926359,-0.544729613264145,0.4519668352086826],[-1.3603605444339208,0.0350269541662517,-0.04764928643946415],[-1.1738310133382406,-0.4956486791934252,0.5818077913573788],[-1.0660638338808652,-1.5072412573147065,1.6068153933563316],[-1.1158131402424876,0.4105947270192939,-0.45814699172240525],[-0.8718852426967201,1.3459176941353643,-1.173485775401022],[-0.6943231554892205,1.4790971093960306,-1.0269713722708367],[-0.5500329880606163,-0.4800847348479255,0.26406244123069317],[-0.9968984577265264,-0.6365576867067249,0.6345833761318994],[-1.0455757199951774,0.1376934880590258,-0.14396896791596325],[-0.8730014515685627,-1.174916439623129,1.0257037572627592],[-1.4036626018739884,-0.1182782719385268,0.16602278693439168],[-1.2546568472636233,0.885161566542193,-1.1105740203967578],[-1.0394664575246448,0.779312667209052,-0.8100693774878758],[-0.5872173763071844,-1.2534131056168465,0.7360259553093644],[-1.0938459001095842,-0.4310814037475672,0.4715366261027607],[-0.9438832033288967,0.6751423572671951,-0.6372555308803826],[-0.8081997499852978,-0.8229322585688357,0.6650936456301694],[-0.9537385659616407,-0.1350333162161329,0.12878648136501936],[-0.7142941709571371,-1.3604561111436522,0.9717658700329258],[-1.2859020739082672,-0.7597320443688582,0.9769410114684824],[-1.033297496137335,-0.8170848284816705,0.844291707401914],[-1.0831668317170051,-0.0989727073077443,0.10720395380098387],[-1.1896428387204232,-0.2593430775813372,0.3085256350163529],[-1.0404511162759982,-0.910250528861062,0.9470711788443096],[-1.0679694847422012,-0.169275554802383,0.1807811270417512],[-1.3651549529453195,1.2893709753846148,-1.7601911732302444],[-0.9521423119944696,-0.8576436035390584,0.8165987635409474],[-0.883235673239457,0.0549444312704515,-0.048528881743916306],[-1.180127673860283,-1.5256524542340302,1.8004646819344379],[-0.9788280273390108,-0.8789618328674693,0.8603524769719463],[-0.6504342725225345,2.0184351049313927,-1.312859369109996],[-1.331331379254376,-0.4994343441257701,0.6649126142119661],[-1.031140563405701,0.1757414884184381,-0.18121417738154472],[-1.1262412161811317,-2.095555070536744,2.36010049121584],[-1.0435028675405034,0.6837362080989775,-0.7134806937925534],[-1.0187762734893238,-1.9916680194715817,2.02906412290512],[-1.0909388845207373,-0.99597151405367,1.0865440525561405],[-1.014982140461898,0.3892874486472049,-0.3951198078828912],[-1.1272073463927572,-0.4266667098901754,0.480941849849433],[-0.7914269456507719,-1.2434162723398878,0.9840731425904258],[-1.0448926033249757,-1.875851911097764,1.9600637868390736],[-1.050311590812158,0.7652523251980208,-0.8037533870514362],[-1.1590610277667093,-0.7109560243660176,0.8240414202986099],[-1.2389752897179525,-0.8329262344908439,1.0319750226919766],[-1.1582435829289333,0.6236605568914528,-0.7223508379454101],[-0.9547109372851544,-0.7446745241777479,0.7109489129501141],[-1.0175545859703974,0.8494542523648285,-0.8643660700658865],[-1.0491198045925552,0.2414934121926392,-0.253355521409931],[-1.1028268921302946,-0.0188691710499055,0.02080942926604221],[-0.8746018296187202,1.139803068256237,-0.996873848901936],[-1.0911737918260358,-1.3693889689147485,1.4942413536954515],[-0.735163096569575,0.5431691840853283,-0.3993179393333395],[-0.8836530699193564,-0.5696294439058791,0.5033548068238859],[-0.9178456247608346,-1.6524032955975785,1.5166511352046215],[-0.9542307024853848,0.5556522070078842,-0.5302203958306878],[-0.947832275022979,0.7421941544421207,-0.7034755739136315],[-0.6828060916653644,1.5833311016852527,-1.081108121353923],[-0.8413497093759457,-0.897331507260634,0.7549696028476137],[-0.8962414740053882,0.3452718383311004,-0.30944694131841555],[-1.446156588887499,-0.1659592159273133,0.2400030135998873],[-1.0904852402502423,-0.2596220810193568,0.2831140473946612],[-1.037341397435121,2.0742620178018454,-2.1517178601931604],[-0.8517998422360614,-1.163509808418781,0.9910774712512277],[-0.5467482347429717,1.030996123890454,-0.5636953107639519],[-0.8355461577163742,-0.9402983763796684,0.785662695490977],[-0.5330201387094524,-0.6353978273166281,0.3386798380519938],[-0.7088374545805263,0.8729564927614624,-0.6187842582885786],[-0.531644550598481,1.284482193397856,-0.6828879584607545],[-0.6329346113840775,0.1288209328474358,-0.08153522706992611],[-1.2564911312861344,-0.8323323901904163,1.0458182665564484],[-0.903899013175704,1.0059522419778553,-0.9092792388256704],[-1.3920395485487993,0.2610375252949972,-0.36337455886594366],[-1.0923327144861608,1.4673598707192883,-1.602845190710862],[-0.9690693606614136,-0.7067742567468511,0.6849132771176168],[-0.7519107913402061,1.735995362899068,-1.3053136470803666]],"y":[-0.277058,2.40947,-0.814462,0.626358,2.1892,0.854904,3.70173,1.53708,1.32414,2.20356,0.586128,-1.08843,0.233411,-1.79857,-0.0687582,0.908336,-0.201532,1.39243,-2.46472,0.0319544,2.87786,-1.70717,-0.572222,0.0579785,-0.155955,-0.201303,-0.51536,-1.39876,1.24829,1.797,1.82307,-0.0648878,-2.09195,0.996009,-2.0639,-0.689969,-0.0348834,1.11188,-1.38552,-1.22618,1.12171,-0.814405,0.198007,-0.479195,-0.399951,-1.12272,-0.252476,-0.330925,-0.755053,-0.0689567,1.01382,-1.16452,-0.119768,-1.69754,-1.28125,2.15535,-0.0780766,-0.11075,-2.51242,0.636356,-1.89944,-0.407457,0.842143,-0.214969,-1.52087,-2.28744,0.529623,0.0830665,-1.74339,1.66177,-1.34892,0.459218,-0.273547,0.600781,0.854558,-1.57275,1.82316,0.364682,-1.12835,-0.680611,0.617075,2.0977,-1.37902,1.12709,-0.851001,-0.103127,2.29098,-1.51857,1.0563,-0.0997295,-0.866433,1.366,1.67662,0.291422,-0.80815,1.13586,0.111243,2.39148,-0.712511,2.68557],"N_test":100,